{
  "coffee_drinks": ["cafe", "coffee_shop", "bakery", "bubble_tea", "tea_house"],
  "quick_bite": ["meal_takeaway", "fast_food", "sandwich_shop", "pizzeria"],
  "dining_sitdown": ["restaurant", "steak_house", "seafood_restaurant", "italian_restaurant", "mexican_restaurant", "japanese_restaurant", "chinese_restaurant", "indian_restaurant", "middle_eastern_restaurant"],
  "dessert_sweets": ["ice_cream_shop", "confectionery", "dessert_shop"],
  "shopping_retail": ["store", "clothing_store", "department_store", "shopping_mall", "shoe_store", "electronics_store", "furniture_store", "home_goods_store"],
  "groceries": ["supermarket", "grocery_store", "convenience_store"],
  "wellness_fitness": ["gym", "fitness_center", "yoga_studio", "pilates_studio", "spa", "beauty_salon", "massage_spa"],
  "parks_outdoors": ["park", "tourist_attraction", "hiking_area", "trailhead"],
  "pet_friendly": ["pet_store", "veterinary_care", "dog_park"],
  "kid_family": ["playground", "amusement_center", "family_restaurant"],
  "auto_services": ["car_wash", "car_repair", "car_detailing"],
  "lodging": ["lodging", "hotel", "motel", "resort_hotel"],
  "banking_atm": ["bank", "atm"],
  "pharmacy_health": ["pharmacy", "drugstore", "medical_clinic"],
  "other_services": ["post_office", "laundry", "dry_cleaner"]
}
